{"cameraMode":{"drawMode":0,"name":"Shaded","section":"Shading Mode"},"sceneLighting":true,"audioPlay":false,"sceneViewState":{"m_AlwaysRefresh":false,"showFog":false,"showSkybox":false,"showFlares":false,"showImageEffects":false,"showParticleSystems":false,"showVisualEffectGraphs":false,"m_FxEnabled":true},"in2DMode":false,"pivot":{"x":451.70196533203127,"y":344.27349853515627,"z":-441.3620300292969},"rotation":{"x":-0.01230865903198719,"y":-0.009331797249615193,"z":0.00010723729792516679,"w":-0.9999842047691345},"size":2.8147690296173097,"orthographic":false}