{"cameraMode":{"drawMode":0,"name":"Shaded","section":"Shading Mode"},"sceneLighting":true,"audioPlay":false,"sceneViewState":{"m_AlwaysRefresh":false,"showFog":false,"showSkybox":false,"showFlares":false,"showImageEffects":false,"showParticleSystems":false,"showVisualEffectGraphs":false,"m_FxEnabled":true},"in2DMode":false,"pivot":{"x":-20.955595016479493,"y":1.2383133172988892,"z":11.673550605773926},"rotation":{"x":-0.15416446328163148,"y":-0.29622092843055727,"z":0.048497773706912997,"w":-0.9414612650871277},"size":12.862680435180664,"orthographic":false}