{"cameraMode":{"drawMode":0,"name":"Shaded","section":"Shading Mode"},"sceneLighting":true,"audioPlay":false,"sceneViewState":{"m_AlwaysRefresh":false,"showFog":false,"showSkybox":false,"showFlares":false,"showImageEffects":false,"showParticleSystems":false,"showVisualEffectGraphs":false,"m_FxEnabled":true},"in2DMode":false,"pivot":{"x":535.4822998046875,"y":163.19021606445313,"z":-560.2916259765625},"rotation":{"x":-0.02130742371082306,"y":0.010167693719267846,"z":-0.00019627039728220552,"w":-0.9998262524604797},"size":2.8147690296173097,"orthographic":false}