{"cameraMode":{"drawMode":0,"name":"Shaded","section":"Shading Mode"},"sceneLighting":true,"audioPlay":false,"sceneViewState":{"m_AlwaysRefresh":false,"showFog":false,"showSkybox":false,"showFlares":false,"showImageEffects":false,"showParticleSystems":false,"showVisualEffectGraphs":false,"m_FxEnabled":true},"in2DMode":false,"pivot":{"x":0.023578409105539323,"y":0.42284664511680605,"z":0.9652334451675415},"rotation":{"x":0.23817433416843415,"y":-0.6089118123054504,"z":0.19864101707935334,"w":0.7302296161651611},"size":6.149865627288818,"orthographic":false}